t_s,x,y,cross_track_mm,linear_speed_mps,angular_cmd_rps,path_yaw,target_yaw,yaw_error_rad,lqr_mode,k1,k2,e_y_raw_mm,e_y_rate_limited_mm,e_y_filtered_mm,e_theta_rad,omega_ff,omega_fb,omega_i,omega_before_limits,nearest_idx,lookahead_idx
0.278123,0.448965,2.146056,1.949525,0.050000,-0.002394,-3.055732,-3.066508,-0.004431,1.000000,4.800000,0.950000,1.949525,1.949525,1.754572,-0.006346,0.000000,-0.002394,0.000000,-0.002394,1,62
0.333750,0.448932,2.145965,2.037647,0.050000,-0.002394,-3.055732,-3.066814,-0.004728,1.000000,4.800000,0.950000,2.037647,2.037647,2.009339,-0.006354,0.000000,-0.003609,0.000000,-0.002394,1,62
0.389254,0.448927,2.145968,2.034474,0.050000,-0.003129,-3.055732,-3.066797,-0.004705,1.000000,4.800000,0.950000,2.034474,2.034474,2.031961,-0.006360,0.000000,-0.003712,0.000000,-0.003129,1,62
0.444895,0.448944,2.145995,2.009380,0.050000,-0.003633,-3.055732,-3.066659,-0.004491,1.000000,4.800000,0.950000,2.009380,2.009380,2.011638,-0.006436,0.000000,-0.003542,0.000000,-0.003633,1,62
0.500292,0.448924,2.145945,2.056830,0.050000,-0.003680,-3.055732,-3.066919,-0.004501,1.000000,4.800000,0.950000,2.056830,2.056830,2.052311,-0.006686,0.000000,-0.003499,0.000000,-0.003680,1,62
0.556013,0.448948,2.145907,2.096762,0.050000,-0.003581,-3.055732,-3.067135,-0.004307,1.000000,4.800000,0.950000,2.096762,2.096762,2.092317,-0.007096,0.000000,-0.003302,0.000000,-0.003581,1,62
0.611641,0.449586,2.145941,2.118015,0.050000,-0.003391,-3.055732,-3.067210,-0.003319,1.000000,4.800000,0.950000,2.118015,2.118015,2.115445,-0.008160,0.000000,-0.002402,0.000000,-0.003391,0,61
0.666916,0.446738,2.146063,1.752231,0.050000,-0.002757,-3.055732,-3.065376,0.005985,1.000000,4.800000,0.950000,1.752231,1.752231,1.788553,-0.015629,0.000000,0.006263,0.000000,-0.002757,1,62
0.722664,0.441646,2.146264,1.114925,0.050000,0.002823,-3.055732,-3.061837,0.011123,1.000000,4.800000,0.950000,1.114925,1.114925,1.182288,-0.017227,0.000000,0.010691,0.000000,0.002823,3,64
0.778117,0.436971,2.146115,0.862480,0.050000,0.008724,-3.055732,-3.060420,0.017326,1.000000,4.800000,0.950000,0.862480,0.862480,0.894461,-0.022014,0.000000,0.016620,0.000000,0.008724,5,66
0.833687,0.435775,2.145826,1.048400,0.050000,0.014707,-3.055732,-3.061469,0.018404,1.000000,4.800000,0.950000,1.048400,1.048400,1.033006,-0.024141,0.000000,0.017975,0.000000,0.014707,5,66
0.889260,0.432764,2.145539,1.075686,0.050000,0.017911,-3.055732,-3.061619,0.018119,1.000000,4.800000,0.950000,1.075686,1.075686,1.071418,-0.024007,0.000000,0.017663,0.000000,0.017911,6,67
0.944846,0.428509,2.145481,0.768771,0.050000,0.018418,-3.055732,-3.059899,0.019356,1.000000,4.800000,0.950000,0.768771,0.768771,0.799035,-0.023524,0.000000,0.018512,0.000000,0.018418,8,69
1.000427,0.424304,2.145451,0.437514,0.050000,0.018579,-3.055732,-3.058119,0.019462,1.000000,4.800000,0.950000,0.437514,0.437514,0.473666,-0.021849,0.000000,0.018483,0.000000,0.018579,9,70
1.056003,0.421529,2.145463,0.187741,0.050000,0.018554,-3.055732,-3.056755,0.020016,1.000000,4.800000,0.950000,0.187741,0.187741,0.216334,-0.021039,0.000000,0.018949,0.000000,0.018554,10,71
1.111466,0.419196,2.145453,-0.002564,0.050000,0.018787,-3.055732,-3.055718,0.022819,1.000000,4.800000,0.950000,-0.002564,-0.002564,0.019325,-0.022805,0.000000,0.021572,0.000000,0.018787,11,72
1.167098,0.417620,2.145534,-0.218271,0.050000,0.020000,-3.055732,-3.054537,0.026663,1.000000,4.800000,0.950000,-0.218271,-0.218271,-0.194512,-0.025468,0.000000,0.025129,0.000000,0.020520,11,72
1.222743,0.416352,2.145047,0.158615,0.050000,0.020000,-3.055732,-3.056592,0.025097,1.000000,4.800000,0.950000,0.158615,0.158615,0.123302,-0.025958,0.000000,0.024068,0.000000,0.023671,12,73
1.278274,0.414373,2.144144,0.888474,0.050000,0.020000,-3.055732,-3.060606,0.019987,1.000000,4.800000,0.950000,0.888474,0.888474,0.811957,-0.024861,0.000000,0.019721,0.000000,0.024555,12,73
1.333684,0.411850,2.143241,1.572162,0.050000,0.012279,-3.055732,-3.064338,0.011879,1.000000,4.800000,0.950000,1.572162,1.572162,1.496142,-0.020484,0.000000,0.012279,0.000000,0.012279,13,74
1.389161,0.407946,2.142780,1.695832,0.050000,0.012279,-3.055732,-3.065062,0.009553,1.000000,4.800000,0.950000,1.695832,1.695832,1.675863,-0.018883,0.000000,0.009895,0.000000,0.012279,14,75
1.444725,0.403881,2.142278,1.847577,0.050000,0.010838,-3.055732,-3.065791,0.007260,1.000000,4.800000,0.950000,1.847577,1.847577,1.830406,-0.017320,0.000000,0.007668,0.000000,0.010838,16,77
1.500379,0.400166,2.141794,2.011094,0.050000,0.008621,-3.055732,-3.066726,0.005338,1.000000,4.800000,0.950000,2.011094,2.011094,1.993025,-0.016333,0.000000,0.005949,0.000000,0.008621,17,78
1.555966,0.397529,2.141406,2.171971,0.050000,0.006548,-3.055732,-3.067583,0.003816,1.000000,4.800000,0.950000,2.171971,2.171971,2.154076,-0.015667,0.000000,0.004544,0.000000,0.006548,18,79
1.611594,0.395182,2.140999,2.376108,0.050000,0.004909,-3.055732,-3.068653,0.002423,1.000000,4.800000,0.950000,2.376108,2.376108,2.353905,-0.015344,0.000000,0.003278,0.000000,0.004909,19,80
1.666980,0.393567,2.140645,2.590054,0.050000,0.003590,-3.055732,-3.069943,0.001003,1.000000,4.800000,0.950000,2.590054,2.590054,2.566439,-0.015214,0.000000,0.002135,0.000000,0.003590,19,80
1.722580,0.391808,2.140346,2.737324,0.050000,0.002439,-3.055732,-3.070651,-0.000481,1.000000,4.800000,0.950000,2.737324,2.737324,2.720235,-0.014438,0.000000,0.000659,0.000000,0.002439,20,81
1.778016,0.389313,2.140119,2.749608,0.050000,0.001129,-3.055732,-3.070677,-0.004285,1.000000,4.800000,0.950000,2.749608,2.749608,2.746671,-0.010660,0.000000,-0.003057,0.000000,0.001129,21,82
1.833630,0.384683,2.139773,2.697216,0.050000,-0.001670,-3.055732,-3.070525,-0.005913,1.000000,4.800000,0.950000,2.697216,2.697216,2.702161,-0.008880,0.000000,-0.004535,0.000000,-0.001670,22,83
1.889171,0.380359,2.139343,2.754696,0.050000,-0.003977,-3.055732,-3.070704,-0.006926,1.000000,4.800000,0.950000,2.754696,2.754696,2.749443,-0.008046,0.000000,-0.005553,0.000000,-0.003977,24,85
1.944702,0.377605,2.138960,2.900002,0.050000,-0.005403,-3.055732,-3.071475,-0.008386,1.000000,4.800000,0.950000,2.900002,2.900002,2.884946,-0.007357,0.000000,-0.006859,0.000000,-0.005403,25,86
2.000274,0.376324,2.138647,3.102073,0.050000,-0.006576,-3.055732,-3.072691,-0.010486,1.000000,4.800000,0.950000,3.102073,3.102073,3.080361,-0.006474,0.000000,-0.008636,0.000000,-0.006576,25,86
2.056001,0.373366,2.138362,3.132429,0.050000,-0.008067,-3.055732,-3.072855,-0.011270,1.000000,4.800000,0.950000,3.132429,3.132429,3.127222,-0.005853,0.000000,-0.009451,0.000000,-0.008067,26,87
2.111444,0.369611,2.138089,3.082452,0.050000,-0.009208,-3.055732,-3.072652,-0.010649,1.000000,4.800000,0.950000,3.082452,3.082452,3.086929,-0.006271,0.000000,-0.008860,0.000000,-0.009208,27,88
2.167063,0.366229,2.137770,3.110637,0.050000,-0.009233,-3.055732,-3.072844,-0.010069,1.000000,4.800000,0.950000,3.110637,3.110637,3.108266,-0.007044,0.000000,-0.008228,0.000000,-0.009233,28,89
2.222630,0.363976,2.137400,3.285476,0.050000,-0.008629,-3.055732,-3.073734,-0.010830,1.000000,4.800000,0.950000,3.285476,3.285476,3.267755,-0.007173,0.000000,-0.008871,0.000000,-0.008629,29,90
2.278216,0.362211,2.137092,3.441715,0.050000,-0.008652,-3.055732,-3.074465,-0.011762,1.000000,4.800000,0.950000,3.441715,3.441715,3.424319,-0.006971,0.000000,-0.009814,0.000000,-0.008652,30,91
2.333738,0.360179,2.136867,3.490899,0.050000,-0.009360,-3.055732,-3.074947,-0.010939,1.000000,4.800000,0.950000,3.490899,3.490899,3.484241,-0.008276,0.000000,-0.008862,0.000000,-0.009360,30,91
2.389338,0.356257,2.136602,3.419300,0.050000,-0.009204,-3.055732,-3.074341,-0.009170,1.000000,4.800000,0.950000,3.419300,3.419300,3.425794,-0.009439,0.000000,-0.007477,0.000000,-0.009204,32,93
2.444831,0.352252,2.136383,3.293241,0.050000,-0.008128,-3.055732,-3.073754,-0.008162,1.000000,4.800000,0.950000,3.293241,3.293241,3.306496,-0.009859,0.000000,-0.006505,0.000000,-0.008128,33,94
2.500461,0.349401,2.136272,3.159409,0.050000,-0.006924,-3.055732,-3.073007,-0.007019,1.000000,4.800000,0.950000,3.159409,3.159409,3.174118,-0.010256,0.000000,-0.005492,0.000000,-0.006924,34,95
2.555901,0.347646,2.136229,3.052600,0.050000,-0.005813,-3.055732,-3.072310,-0.005394,1.000000,4.800000,0.950000,3.052600,3.052600,3.064752,-0.011185,0.000000,-0.004085,0.000000,-0.005813,35,96
2.611572,0.345132,2.136094,2.970798,0.050000,-0.004539,-3.055732,-3.072090,-0.004075,1.000000,4.800000,0.950000,2.970798,2.970798,2.980193,-0.012282,0.000000,-0.002637,0.000000,-0.004539,35,96
2.667051,0.342318,2.135900,2.922853,0.050000,-0.003128,-3.055732,-3.071810,-0.002533,1.000000,4.800000,0.950000,2.922853,2.922853,2.928587,-0.013545,0.000000,-0.001189,0.000000,-0.003128,36,97
2.722650,0.339511,2.135644,2.937286,0.050000,-0.001666,-3.055732,-3.071873,-0.001481,1.000000,4.800000,0.950000,2.937286,2.937286,2.936416,-0.014660,0.000000,-0.000168,0.000000,-0.001666,37,98
2.778225,0.336799,2.135290,3.057091,0.050000,-0.000459,-3.055732,-3.072507,-0.001641,1.000000,4.800000,0.950000,3.057091,3.057091,3.045023,-0.015133,0.000000,-0.000239,0.000000,-0.000459,38,99
2.833796,0.334778,2.134954,3.218656,0.050000,-0.000079,-3.055732,-3.073301,-0.001285,1.000000,4.800000,0.950000,3.218656,3.218656,3.201293,-0.016284,0.000000,0.000104,0.000000,-0.000079,39,100
2.889172,0.331797,2.134588,3.328142,0.050000,0.000109,-3.055732,-3.073898,-0.001484,1.000000,4.800000,0.950000,3.328142,3.328142,3.315457,-0.016683,0.000000,-0.000066,0.000000,0.000109,40,101
2.944927,0.327994,2.134170,3.418437,0.050000,0.000042,-3.055732,-3.074475,-0.001861,1.000000,4.800000,0.950000,3.418437,3.418437,3.408139,-0.016883,0.000000,-0.000321,0.000000,0.000042,41,102
3.000383,0.323898,2.133672,3.563331,0.050000,-0.000191,-3.055732,-3.075071,-0.002456,1.000000,4.800000,0.945458,3.563331,3.563331,3.547811,-0.016883,0.000000,-0.001068,0.000000,-0.000191,43,104
3.055985,0.320921,2.133301,3.677733,0.050000,-0.000769,-3.055732,-3.075691,-0.002677,1.000000,4.800000,0.934350,3.677733,3.677733,3.664741,-0.017283,0.000000,-0.001443,0.000000,-0.000769,44,105
3.111605,0.318407,2.133016,3.746188,0.050000,-0.001296,-3.055732,-3.076346,-0.002527,1.000000,4.800000,0.927386,3.746188,3.746188,3.738043,-0.018086,0.000000,-0.001170,0.000000,-0.001296,44,105
3.166941,0.316728,2.132835,3.782155,0.050000,-0.001327,-3.055732,-3.076394,-0.001837,1.000000,4.800000,0.923614,3.782155,3.782155,3.777744,-0.018825,0.000000,-0.000746,0.000000,-0.001327,45,106
3.222480,0.315042,2.132652,3.820335,0.050000,-0.000984,-3.055732,-3.076455,-0.001398,1.000000,4.800000,0.919973,3.820335,3.820335,3.816076,-0.019325,0.000000,-0.000539,0.000000,-0.000984,46,107
3.278322,0.312487,2.132302,3.949494,0.050000,-0.000642,-3.055732,-3.077459,-0.002413,1.000000,4.800000,0.908566,3.949494,3.949494,3.936152,-0.019314,0.000000,-0.001345,0.000000,-0.000642,46,107
3.333679,0.309292,2.131879,4.097105,0.050000,-0.000999,-3.055732,-3.078298,-0.003668,1.000000,4.800000,0.894804,4.097105,4.097105,4.081010,-0.018898,0.000000,-0.002679,0.000000,-0.000999,47,108
3.389171,0.304936,2.131311,4.288987,0.050000,-0.002084,-3.055732,-3.079147,-0.004486,1.000000,4.800000,0.877022,4.288987,4.288987,4.268190,-0.018929,0.000000,-0.003886,0.000000,-0.002084,49,110
3.444866,0.301163,2.130855,4.420435,0.050000,-0.003399,-3.055732,-3.079970,-0.005312,1.000000,4.800000,0.864005,4.420435,4.420435,4.405210,-0.018926,0.000000,-0.004793,0.000000,-0.003399,50,111
3.500428,0.298528,2.130484,4.563312,0.050000,-0.004513,-3.055732,-3.080706,-0.005886,1.000000,4.800000,0.850487,4.563312,4.563312,4.547501,-0.019088,0.000000,-0.005594,0.000000,-0.004513,51,112
3.555973,0.296829,2.130276,4.625054,0.050000,-0.005395,-3.055732,-3.080866,-0.005289,1.000000,4.800000,0.843857,4.625054,4.625054,4.617299,-0.019845,0.000000,-0.005417,0.000000,-0.005395,52,113
3.611623,0.294089,2.129901,4.764008,0.050000,-0.005589,-3.055732,-3.081588,-0.005048,1.000000,4.800000,0.831313,4.764008,4.764008,4.749337,-0.020808,0.000000,-0.005499,0.000000,-0.005589,53,114
3.667010,0.290902,2.129319,5.070688,0.050000,-0.005574,-3.055732,-3.083285,-0.006055,1.000000,4.800000,0.803837,5.070688,5.070688,5.038553,-0.021498,0.000000,-0.006904,0.000000,-0.005574,54,115
3.722521,0.287856,2.128699,5.426719,0.050000,-0.006373,-3.055732,-3.085233,-0.007777,1.000000,4.800000,0.770649,5.426719,5.426719,5.387903,-0.021724,0.000000,-0.009121,0.000000,-0.006373,55,116
3.778174,0.285184,2.128222,5.673618,0.050000,-0.008201,-3.055732,-3.086524,-0.009178,1.000000,4.800000,0.746221,5.673618,5.673618,5.645047,-0.021615,0.000000,-0.010967,0.000000,-0.008201,56,117
3.833750,0.283083,2.127942,5.772366,0.050000,-0.010251,-3.055732,-3.087424,-0.011037,1.000000,4.800000,0.735335,5.772366,5.772366,5.759634,-0.020655,0.000000,-0.012458,0.000000,-0.010251,56,117
3.889278,0.280078,2.127536,5.918462,0.050000,-0.012005,-3.055732,-3.088231,-0.011922,1.000000,4.800000,0.721755,5.918462,5.918462,5.902580,-0.020577,0.000000,-0.013481,0.000000,-0.012005,57,118
3.944869,0.276646,2.127120,6.038489,0.050000,-0.013258,-3.055732,-3.088972,-0.012395,1.000000,4.800000,0.710135,6.038489,6.038489,6.024898,-0.020845,0.000000,-0.014116,0.000000,-0.013258,58,119
4.000399,0.273433,2.126815,6.067629,0.050000,-0.014034,-3.055732,-3.088631,-0.011913,1.000000,4.800000,0.706481,6.067629,6.067629,6.063356,-0.020986,0.000000,-0.014278,0.000000,-0.014034,60,121
4.055909,0.271176,2.126730,5.957936,0.050000,-0.014340,-3.055732,-3.088436,-0.011477,1.000000,4.800000,0.715495,5.957936,5.957936,5.968478,-0.021227,0.000000,-0.013461,0.000000,-0.014340,60,121
4.111449,0.268790,2.126616,5.867076,0.050000,-0.013872,-3.055732,-3.087830,-0.010390,1.000000,4.800000,0.724164,5.867076,5.867076,5.877216,-0.021708,0.000000,-0.012490,0.000000,-0.013872,61,122
4.167045,0.266472,2.126432,5.851851,0.050000,-0.012940,-3.055732,-3.087629,-0.009802,1.000000,4.800000,0.726333,5.851851,5.851851,5.854388,-0.022095,0.000000,-0.012053,0.000000,-0.012940,62,123
4.222659,0.264334,2.126293,5.806995,0.050000,-0.012211,-3.055732,-3.087237,-0.009341,1.000000,4.800000,0.730385,5.806995,5.806995,5.811734,-0.022164,0.000000,-0.011708,0.000000,-0.012211,63,124
4.278116,0.260598,2.126184,5.594931,0.050000,-0.011758,-3.055732,-3.086208,-0.008307,1.000000,4.800000,0.748922,5.594931,5.594931,5.616612,-0.022170,0.000000,-0.010356,0.000000,-0.011758,64,125
4.333799,0.256179,2.126139,5.261332,0.050000,-0.010816,-3.055732,-3.084613,-0.006712,1.000000,4.800000,0.779298,5.261332,5.261332,5.296860,-0.022170,0.000000,-0.008148,0.000000,-0.010816,65,126
4.389200,0.253534,2.126117,5.056182,0.050000,-0.009011,-3.055732,-3.083433,-0.004750,1.000000,4.800000,0.799876,5.056182,5.056182,5.080250,-0.022951,0.000000,-0.006027,0.000000,-0.009011,66,127
4.444927,0.252143,2.126146,4.908342,0.050000,-0.006832,-3.055732,-3.082387,-0.002811,1.000000,4.800000,0.814574,4.908342,4.908342,4.925532,-0.023844,0.000000,-0.004220,0.000000,-0.006832,67,128
4.500424,0.249858,2.126186,4.671824,0.050000,-0.004805,-3.055732,-3.081420,-0.000630,1.000000,4.800000,0.836267,4.671824,4.671824,4.697195,-0.025058,0.000000,-0.001591,0.000000,-0.004805,67,128
4.555995,0.246794,2.125959,4.635314,0.050000,-0.002446,-3.055732,-3.081230,0.000994,1.000000,4.800000,0.841557,4.635314,4.635314,4.641502,-0.026491,0.000000,0.000015,0.000000,-0.002446,68,129
4.611450,0.244506,2.125591,4.805803,0.050000,-0.000477,-3.055732,-3.082067,0.000971,1.000000,4.800000,0.827510,4.805803,4.805803,4.789373,-0.027307,0.000000,-0.000392,0.000000,-0.000477,69,130
4.667097,0.242069,2.125245,4.941601,0.050000,-0.000020,-3.055732,-3.082731,0.000749,1.000000,4.800000,0.814494,4.941601,4.941601,4.926378,-0.027748,0.000000,-0.001046,0.000000,-0.000020,70,131
4.722624,0.239605,2.125139,4.835794,0.050000,-0.000548,-3.055732,-3.082076,0.001074,1.000000,4.800000,0.822239,4.835794,4.835794,4.844852,-0.027419,0.000000,-0.000711,0.000000,-0.000548,71,132
4.778212,0.237175,2.124981,4.785459,0.050000,-0.000755,-3.055732,-3.081722,0.000432,1.000000,4.800000,0.827317,4.785459,4.785459,4.791399,-0.026422,0.000000,-0.001140,0.000000,-0.000755,72,133
4.833725,0.234809,2.124855,4.708275,0.050000,-0.001030,-3.055732,-3.081636,-0.000347,1.000000,4.800000,0.834424,4.708275,4.708275,4.716588,-0.025557,0.000000,-0.001314,0.000000,-0.001030,72,133
4.889292,0.231314,2.124883,4.380194,0.050000,-0.001258,-3.055732,-3.079502,0.001608,1.000000,4.800000,0.863186,4.380194,4.380194,4.413833,-0.025378,0.000000,0.000720,0.000000,-0.001258,74,135
4.944782,0.227570,2.124957,3.985112,0.050000,-0.000110,-3.055732,-3.077444,0.003597,1.000000,4.800000,0.899842,3.985112,3.985112,4.027984,-0.025310,0.000000,0.003440,0.000000,-0.000110,75,136
5.000407,0.224247,2.125008,3.649512,0.050000,0.002274,-3.055732,-3.075649,0.005523,1.000000,4.800000,0.932201,3.649512,3.649512,3.687360,-0.025440,0.000000,0.006016,0.000000,0.002274,76,137
5.056019,0.221827,2.124944,3.505697,0.050000,0.005031,-3.055732,-3.074804,0.006796,1.000000,4.800000,0.947733,3.505697,3.505697,3.523863,-0.025868,0.000000,0.007602,0.000000,0.005031,77,138
5.111565,0.219116,2.124889,3.328176,0.050000,0.007151,-3.055732,-3.073809,0.008179,1.000000,4.800000,0.950000,3.328176,3.328176,3.347744,-0.026257,0.000000,0.008875,0.000000,0.007151,78,139
5.166972,0.216552,2.124758,3.238845,0.050000,0.008624,-3.055732,-3.073573,0.008665,1.000000,4.800000,0.950000,3.238845,3.238845,3.249735,-0.026506,0.000000,0.009582,0.000000,0.008624,78,139
5.222599,0.214240,2.125246,2.554568,0.050000,0.009507,-3.055732,-3.069747,0.012612,1.000000,4.800000,0.950000,2.554568,2.554568,2.624085,-0.026627,0.000000,0.012700,0.000000,0.009507,79,140
5.278224,0.212060,2.125253,2.360480,0.050000,0.011624,-3.055732,-3.068624,0.013655,1.000000,4.800000,0.950000,2.360480,2.360480,2.386840,-0.026547,0.000000,0.013763,0.000000,0.011624,80,141
5.333630,0.209758,2.124946,2.468730,0.050000,0.013348,-3.055732,-3.069165,0.013125,1.000000,4.800000,0.950000,2.468730,2.468730,2.460541,-0.026559,0.000000,0.013420,0.000000,0.013348,81,142
5.389325,0.206419,2.124299,2.827279,0.050000,0.013748,-3.055732,-3.071148,0.011300,1.000000,4.800000,0.950000,2.827279,2.827279,2.790606,-0.026716,0.000000,0.011986,0.000000,0.013748,82,143
5.444882,0.202849,2.124246,2.574056,0.050000,0.012761,-3.055732,-3.069810,0.012596,1.000000,4.800000,0.950000,2.574056,2.574056,2.595711,-0.026675,0.000000,0.012882,0.000000,0.012761,83,144
5.500349,0.199793,2.124093,2.464233,0.050000,0.012632,-3.055732,-3.069214,0.012809,1.000000,4.800000,0.950000,2.464233,2.464233,2.477381,-0.026291,0.000000,0.013085,0.000000,0.012632,84,145
5.555918,0.197460,2.124113,2.243913,0.050000,0.012879,-3.055732,-3.067963,0.013014,1.000000,4.800000,0.950000,2.243913,2.243913,2.267260,-0.025245,0.000000,0.013100,0.000000,0.012879,85,146
5.611448,0.194913,2.124158,1.981013,0.050000,0.013064,-3.055732,-3.066503,0.012738,1.000000,4.800000,0.950000,1.981013,1.981013,2.009638,-0.023510,0.000000,0.012688,0.000000,0.013064,86,147
5.667114,0.192305,2.124166,1.749166,0.050000,0.012874,-3.055732,-3.065222,0.012194,1.000000,4.800000,0.950000,1.749166,1.749166,1.775213,-0.021684,0.000000,0.012078,0.000000,0.012874,87,148
5.722558,0.189751,2.124173,1.523271,0.050000,0.012354,-3.055732,-3.064112,0.012281,1.000000,4.800000,0.950000,1.523271,1.523271,1.548465,-0.020661,0.000000,0.012195,0.000000,0.012354,87,148
5.778122,0.187298,2.124184,1.302301,0.050000,0.012151,-3.055732,-3.062875,0.012980,1.000000,4.800000,0.950000,1.302301,1.302301,1.326917,-0.020123,0.000000,0.012748,0.000000,0.012151,88,149
5.833620,0.185254,2.124138,1.172566,0.050000,0.012470,-3.055732,-3.062129,0.012888,1.000000,4.800000,0.950000,1.172566,1.172566,1.188001,-0.019285,0.000000,0.012619,0.000000,0.012470,89,150
5.889192,0.182203,2.124041,1.007117,0.050000,0.012625,-3.055732,-3.061228,0.013342,1.000000,4.800000,0.950000,1.007117,1.007117,1.025206,-0.018838,0.000000,0.012975,0.000000,0.012625,90,151
5.944869,0.178618,2.123987,0.754136,0.050000,0.012869,-3.055732,-3.059860,0.013886,1.000000,4.800000,0.950000,0.754136,0.754136,0.781243,-0.018015,0.000000,0.013364,0.000000,0.012869,91,152
6.000269,0.175193,2.123919,0.527741,0.050000,0.013218,-3.055732,-3.058628,0.014091,1.000000,4.800000,0.950000,0.527741,0.527741,0.553092,-0.016987,0.000000,0.013483,0.000000,0.013218,92,153
6.055999,0.172703,2.123783,0.449788,0.050000,0.013451,-3.055732,-3.058193,0.013817,1.000000,4.800000,0.950000,0.449788,0.449788,0.460119,-0.016278,0.000000,0.013255,0.000000,0.013451,93,154
6.111508,0.170059,2.123599,0.406436,0.050000,0.013379,-3.055732,-3.057952,0.014297,1.000000,4.800000,0.950000,0.406436,0.406436,0.411804,-0.016517,0.000000,0.013714,0.000000,0.013379,94,155
6.166925,0.167792,2.123433,0.377358,0.050000,0.013567,-3.055732,-3.057785,0.014994,1.000000,4.800000,0.950000,0.377358,0.377358,0.380802,-0.017047,0.000000,0.014367,0.000000,0.013567,95,156
6.222484,0.165964,2.123240,0.412872,0.050000,0.014088,-3.055732,-3.058001,0.014505,1.000000,4.800000,0.950000,0.412872,0.412872,0.409665,-0.016774,0.000000,0.013969,0.000000,0.014088,95,156
6.278155,0.164192,2.123103,0.397093,0.050000,0.014123,-3.055732,-3.057899,0.013791,1.000000,4.800000,0.950000,0.397093,0.397093,0.398350,-0.015958,0.000000,0.013248,0.000000,0.014123,96,157
6.333701,0.162228,2.122966,0.365373,0.050000,0.013600,-3.055732,-3.057715,0.012627,1.000000,4.800000,0.950000,0.365373,0.365373,0.368671,-0.014610,0.000000,0.012110,0.000000,0.013600,97,158
6.389214,0.158475,2.122750,0.259489,0.050000,0.012592,-3.055732,-3.057146,0.011193,1.000000,4.800000,0.950000,0.259489,0.259489,0.270407,-0.012608,0.000000,0.010679,0.000000,0.012592,98,159
6.444856,0.154097,2.122488,0.144852,0.050000,0.011227,-3.055732,-3.056527,0.010717,1.000000,4.800000,0.950000,0.144852,0.144852,0.157407,-0.011513,0.000000,0.010182,0.000000,0.011227,99,160
6.500304,0.150428,2.122236,0.081483,0.050000,0.010316,-3.055732,-3.056174,0.010965,1.000000,4.800000,0.950000,0.081483,0.081483,0.089076,-0.011406,0.000000,0.010409,0.000000,0.010316,101,162
6.555926,0.148584,2.121969,0.189029,0.050000,0.010185,-3.055732,-3.056767,0.009949,1.000000,4.800000,0.950000,0.189029,0.189029,0.179034,-0.010985,0.000000,0.009576,0.000000,0.010185,101,162
6.611583,0.146369,2.121795,0.172210,0.050000,0.009788,-3.055732,-3.056671,0.009173,1.000000,4.800000,0.950000,0.172210,0.172210,0.172893,-0.010112,0.000000,0.008777,0.000000,0.009788,102,163
6.667171,0.143580,2.121746,-0.018179,0.050000,0.009094,-3.055732,-3.055633,0.009259,1.000000,4.800000,0.950000,-0.018179,-0.018179,0.000928,-0.009160,0.000000,0.008697,0.000000,0.009094,103,164
6.722723,0.140787,2.121725,-0.236751,0.050000,0.008712,-3.055732,-3.054444,0.009808,1.000000,4.800000,0.950000,-0.236751,-0.236751,-0.212983,-0.008520,0.000000,0.009116,0.000000,0.008712,104,165
6.778127,0.138716,2.121620,-0.309439,0.050000,0.008878,-3.055732,-3.054029,0.009690,1.000000,4.800000,0.950000,-0.309439,-0.309439,-0.299793,-0.007987,0.000000,0.009026,0.000000,0.008878,104,165
6.833755,0.137315,2.121535,-0.344567,0.050000,0.009002,-3.055732,-3.053852,0.008376,1.000000,4.800000,0.950000,-0.344567,-0.344567,-0.340090,-0.006497,0.000000,0.007804,0.000000,0.009002,105,166
6.889337,0.134078,2.121456,-0.544080,0.050000,0.008301,-3.055732,-3.052760,0.008452,1.000000,4.800000,0.950000,-0.544080,-0.544080,-0.523681,-0.005480,0.000000,0.007719,0.000000,0.008301,106,167
6.944832,0.129699,2.121463,-0.926401,0.050000,0.007806,-3.055732,-3.050633,0.010112,1.000000,4.800000,0.950000,-0.926401,-0.926401,-0.886129,-0.005013,0.000000,0.009016,0.000000,0.007806,107,168
7.000320,0.125850,2.121307,-1.101377,0.050000,0.008435,-3.055732,-3.049741,0.010672,1.000000,4.800000,0.950000,-1.101377,-1.101377,-1.079852,-0.004682,0.000000,0.009631,0.000000,0.008435,109,170
7.055909,0.124124,2.121051,-0.994011,0.050000,0.009287,-3.055732,-3.050274,0.009531,1.000000,4.800000,0.950000,-0.994011,-0.994011,-1.002596,-0.004073,0.000000,0.008682,0.000000,0.009287,109,170
7.111448,0.122290,2.120757,-0.858575,0.050000,0.009095,-3.055732,-3.051047,0.008696,1.000000,4.800000,0.950000,-0.858575,-0.858575,-0.872977,-0.004011,0.000000,0.008001,0.000000,0.009095,110,171
7.167042,0.119793,2.120533,-0.849314,0.059121,0.008393,-3.055732,-3.051110,0.009024,1.000000,4.800000,0.950000,-0.849314,-0.849314,-0.851680,-0.004402,0.000000,0.008270,0.000000,0.008393,111,172
7.222463,0.116647,2.120255,-0.842296,0.066443,0.008176,-3.055732,-3.051144,0.008725,1.000000,4.800000,0.950000,-0.842296,-0.842296,-0.843235,-0.004137,0.000000,0.007978,0.000000,0.008176,112,173
7.278063,0.113730,2.120084,-0.922068,0.072395,0.008011,-3.055732,-3.050712,0.006819,1.000000,4.800000,0.950000,-0.922068,-0.922068,-0.914185,-0.001799,0.000000,0.006097,0.000000,0.008011,113,174
7.333761,0.110610,2.120045,-1.150544,0.077369,0.006816,-3.055732,-3.049464,0.007742,1.000000,4.800000,0.950000,-1.150544,-1.150544,-1.126908,-0.001474,0.000000,0.006810,0.000000,0.006816,114,175
7.389208,0.107299,2.119984,-1.373410,0.081661,0.006569,-3.055732,-3.048238,0.008969,1.000000,4.800000,0.950000,-1.373410,-1.373410,-1.348760,-0.001475,0.000000,0.007876,0.000000,0.006569,115,176
7.444813,0.103762,2.119888,-1.581206,0.085504,0.007308,-3.055732,-3.047079,0.010284,1.000000,4.800000,0.950000,-1.581206,-1.581206,-1.557961,-0.001631,0.000000,0.009028,0.000000,0.007308,116,177
7.500339,0.100254,2.119650,-1.644666,0.089030,0.008500,-3.055732,-3.046852,0.010790,1.000000,4.800000,0.950000,-1.644666,-1.644666,-1.635995,-0.001910,0.000000,0.009667,0.000000,0.008500,117,179
7.555921,0.096640,2.119393,-1.698541,0.092362,0.009451,-3.055732,-3.046530,0.011001,1.000000,4.800000,0.950000,-1.698541,-1.698541,-1.692286,-0.001800,0.000000,0.009833,0.000000,0.009451,118,180
7.611477,0.092980,2.119141,-1.762163,0.095583,0.009877,-3.055732,-3.046151,0.010663,1.000000,4.800000,0.950000,-1.762163,-1.762163,-1.755175,-0.001082,0.000000,0.009453,0.000000,0.009877,120,181
7.666876,0.088997,2.118997,-1.959837,0.098808,0.009708,-3.055732,-3.045019,0.010607,1.000000,4.800000,0.950000,-1.959837,-1.959837,-1.939371,0.000105,0.000000,0.009209,0.000000,0.009708,121,183
7.722475,0.084376,2.118748,-2.107962,0.102203,0.009372,-3.055732,-3.044296,0.010861,1.000000,4.800000,0.950000,-2.107962,-2.107962,-2.091103,0.000575,0.000000,0.009491,0.000000,0.009372,123,184
7.778117,0.079587,2.118391,-2.163105,0.105797,0.009375,-3.055732,-3.044072,0.011201,1.000000,4.800000,0.950000,-2.163105,-2.163105,-2.155905,0.000458,0.000000,0.009913,0.000000,0.009375,124,186
7.833617,0.075672,2.118000,-2.108817,0.109378,0.009701,-3.055732,-3.044307,0.009975,1.000000,4.800000,0.950000,-2.108817,-2.108817,-2.113526,0.001450,0.000000,0.008767,0.000000,0.009701,125,187
7.889223,0.070051,2.117697,-2.289772,0.113365,0.009203,-3.055732,-3.043352,0.010755,1.000000,4.800000,0.950000,-2.289772,-2.289772,-2.272147,0.001624,0.000000,0.009363,0.000000,0.009203,127,189
7.944930,0.063309,2.117427,-2.598611,0.117963,0.009198,-3.055732,-3.041626,0.013208,1.000000,4.800000,0.950000,-2.598611,-2.598611,-2.565964,0.000898,0.000000,0.011464,0.000000,0.009198,130,191
8.000350,0.056998,2.116951,-2.665622,0.122957,0.010568,-3.055732,-3.041237,0.014383,1.000000,4.800000,0.950000,-2.665622,-2.665622,-2.655656,0.000112,0.000000,0.012640,0.000000,0.010568,132,193
8.055915,0.052695,2.116399,-2.484503,0.127774,0.012101,-3.055732,-3.042343,0.013269,1.000000,4.800000,0.950000,-2.484503,-2.484503,-2.501619,0.000120,0.000000,0.011894,0.000000,0.012101,133,195
8.111421,0.047321,2.115827,-2.375262,0.132735,0.012289,-3.055732,-3.042972,0.012083,1.000000,4.800000,0.950000,-2.375262,-2.375262,-2.387897,0.000676,0.000000,0.010819,0.000000,0.012289,135,197
8.166916,0.042538,2.115035,-1.996256,0.137662,0.011441,-3.055732,-3.044901,0.010154,1.000000,4.800000,0.950000,-1.996256,-1.996256,-2.035420,0.000676,0.000000,0.009128,0.000000,0.011441,137,198
8.222718,0.040191,2.114336,-1.501561,0.141956,0.009862,-3.055732,-3.047612,0.007444,1.000000,4.800000,0.950000,-1.501561,-1.501561,-1.554947,0.000676,0.000000,0.006821,0.000000,0.009862,137,199
8.278123,0.040138,2.114055,-1.226033,0.145195,0.007699,-3.055732,-3.049099,0.001608,1.000000,4.800000,0.950000,-1.226033,-1.226033,-1.258924,0.005024,0.000000,0.001270,0.000000,0.007699,137,199
8.333725,0.040275,2.114139,-1.298406,0.147589,0.003371,-3.055732,-3.048713,-0.002111,1.000000,4.800000,0.950000,-1.298406,-1.298406,-1.294458,0.009130,0.000000,-0.002460,0.000000,0.003371,137,199
8.389224,0.044082,2.114137,-0.969436,0.148437,-0.001041,-3.055732,-3.050596,-0.002320,1.000000,4.800000,0.950000,-0.969436,-0.969436,-1.001938,0.007456,0.000000,-0.002274,0.000000,-0.001041,136,198
8.444915,0.029603,2.114318,-2.391581,0.152647,-0.002696,-3.055732,-3.042900,0.007373,1.000000,4.800000,0.950000,-2.391581,-2.391581,-2.252617,0.005460,0.000000,0.005626,0.000000,-0.002696,141,203
8.500370,0.005147,2.113807,-3.979969,0.161444,0.002005,-3.055732,-3.034332,0.015673,1.000000,4.800000,0.920813,-3.979969,-3.979969,-3.807234,0.005727,0.000000,0.013001,0.000000,0.002005,149,211
8.555841,-0.014479,2.111972,-3.834681,0.171925,0.009600,-3.055732,-3.035255,0.013212,1.000000,4.800000,0.918466,-3.834681,-3.834681,-3.831936,0.007265,0.000000,0.011721,0.000000,0.009600,156,218
8.611422,-0.015510,2.109920,-1.878291,0.179997,0.012443,-3.055732,-3.045636,0.002000,1.000000,4.800000,0.950000,-1.878291,-1.878291,-2.073655,0.008096,0.000000,0.002263,0.000000,0.012443,156,218
8.666952,-0.021808,2.109068,-1.569427,0.187133,0.006867,-3.055732,-3.047280,0.000467,1.000000,4.800000,0.950000,-1.569427,-1.569427,-1.619850,0.007985,0.000000,0.000190,0.000000,0.006867,158,220
8.722504,-0.031115,2.108856,-2.156816,0.193728,0.001686,-3.055732,-3.044284,0.004470,1.000000,4.800000,0.950000,-2.156816,-2.156816,-2.103119,0.006978,0.000000,0.003466,0.000000,0.001686,161,224
8.778146,-0.039820,2.108221,-2.269911,0.198675,0.001701,-3.055732,-3.043702,0.007176,1.000000,4.800000,0.950000,-2.269911,-2.269911,-2.253232,0.004854,0.000000,0.006204,0.000000,0.001701,164,227
8.833723,-0.047448,2.107224,-1.931032,0.202385,0.004433,-3.055732,-3.045405,0.006736,1.000000,4.800000,0.950000,-1.931032,-1.931032,-1.963252,0.003591,0.000000,0.006013,0.000000,0.004433,167,229
8.889153,-0.056232,2.106231,-1.694765,0.205167,0.005945,-3.055732,-3.046677,0.003471,1.000000,4.800000,0.950000,-1.694765,-1.694765,-1.721614,0.005584,0.000000,0.002959,0.000000,0.005945,170,232
8.944845,-0.068936,2.104656,-1.215812,0.207254,0.004450,-3.055732,-3.049208,0.000965,1.000000,4.800000,0.950000,-1.215812,-1.215812,-1.266392,0.005558,0.000000,0.000798,0.000000,0.004450,174,236
9.000388,-0.082666,2.102919,-0.661845,0.208819,0.001931,-3.055732,-3.052203,-0.001685,1.000000,4.800000,0.950000,-0.661845,-0.661845,-0.722300,0.005214,0.000000,-0.001486,0.000000,0.001931,178,241
9.055807,-0.095784,2.101428,-0.301381,0.209993,-0.000646,-3.055732,-3.054114,-0.003565,1.000000,4.800000,0.950000,-0.301381,-0.301381,-0.343473,0.005183,0.000000,-0.003275,0.000000,-0.000646,183,245
9.111377,-0.106246,2.100450,-0.224538,0.210874,-0.002764,-3.055732,-3.054536,-0.004630,1.000000,4.800000,0.950000,-0.224538,-0.224538,-0.236432,0.005825,0.000000,-0.004399,0.000000,-0.002764,186,249
9.167041,-0.117742,2.099465,-0.229114,0.211534,-0.004190,-3.055732,-3.054515,-0.005995,1.000000,4.800000,0.950000,-0.229114,-0.229114,-0.229846,0.007212,0.000000,-0.005748,0.000000,-0.004190,190,253
9.222553,-0.128471,2.098572,-0.259536,0.212029,-0.005424,-3.055732,-3.054340,-0.006717,1.000000,4.800000,0.950000,-0.259536,-0.259536,-0.256567,0.008108,0.000000,-0.006471,0.000000,-0.005424,194,256
9.277984,-0.137144,2.097855,-0.289028,0.212401,-0.006309,-3.055732,-3.054185,-0.005994,1.000000,4.800000,0.950000,-0.289028,-0.289028,-0.285782,0.007541,0.000000,-0.005792,0.000000,-0.006309,197,259
9.333731,-0.150594,2.096746,-0.336858,0.212679,-0.006179,-3.055732,-3.053943,-0.005246,1.000000,4.800000,0.950000,-0.336858,-0.336858,-0.331751,0.007035,0.000000,-0.005091,0.000000,-0.006179,201,264
9.389159,-0.166622,2.095387,-0.357548,0.212888,-0.005493,-3.055732,-3.053822,-0.004277,1.000000,4.800000,0.950000,-0.357548,-0.357548,-0.354968,0.006186,0.000000,-0.004173,0.000000,-0.005493,207,269
9.444849,-0.181498,2.093970,-0.222036,0.213045,-0.004553,-3.055732,-3.054546,-0.004760,1.000000,4.800000,0.950000,-0.222036,-0.222036,-0.235330,0.005945,0.000000,-0.004518,0.000000,-0.004553,212,274
9.500402,-0.190933,2.092699,0.235695,0.213162,-0.004340,-3.055732,-3.056994,-0.004296,1.000000,4.800000,0.950000,0.235695,0.235695,0.188593,0.003034,0.000000,-0.003788,0.000000,-0.004340,215,277
9.555959,-0.200574,2.091519,0.585097,0.213250,-0.003963,-3.055732,-3.058826,-0.005842,1.000000,4.800000,0.950000,0.585097,0.585097,0.545447,0.002748,0.000000,-0.005228,0.000000,-0.003963,218,281
9.611501,-0.210087,2.090600,0.684844,0.213317,-0.004651,-3.055732,-3.059365,-0.006575,1.000000,4.800000,0.950000,0.684844,0.684844,0.670904,0.002942,0.000000,-0.006015,0.000000,-0.004651,221,284
9.666991,-0.220470,2.089722,0.668540,0.213366,-0.005616,-3.055732,-3.059305,-0.007649,1.000000,4.800000,0.950000,0.668540,0.668540,0.668776,0.004076,0.000000,-0.007082,0.000000,-0.005616,225,287
9.722613,-0.231690,2.088616,0.808220,0.213403,-0.006701,-3.055732,-3.060035,-0.009363,1.000000,4.800000,0.950000,0.808220,0.808220,0.794275,0.005060,0.000000,-0.008620,0.000000,-0.006701,228,291
9.778256,-0.242999,2.087518,0.932596,0.213431,-0.008087,-3.055732,-3.060680,-0.010335,1.000000,4.800000,0.950000,0.932596,0.932596,0.918764,0.005387,0.000000,-0.009527,0.000000,-0.008087,232,295
9.833629,-0.252651,2.086756,0.864185,0.213452,-0.009239,-3.055732,-3.060334,-0.007454,1.000000,4.800000,0.950000,0.864185,0.864185,0.869643,0.002852,0.000000,-0.006884,0.000000,-0.009239,235,298
9.889251,-0.266584,2.085258,1.162101,0.213468,-0.008055,-3.055732,-3.061888,-0.006591,1.000000,4.800000,0.950000,1.162101,1.162101,1.132855,0.000435,0.000000,-0.005851,0.000000,-0.008055,240,303
9.944835,-0.282271,2.083503,1.565513,0.213480,-0.006477,-3.055732,-3.064059,-0.007105,1.000000,4.800000,0.950000,1.565513,1.565513,1.522247,-0.001222,0.000000,-0.006146,0.000000,-0.006477,245,308
10.000315,-0.296867,2.082052,1.759182,0.213488,-0.005954,-3.055732,-3.065073,-0.007594,1.000000,4.800000,0.950000,1.759182,1.759182,1.735488,-0.001747,0.000000,-0.006671,0.000000,-0.005954,250,313
10.055898,-0.306996,2.081548,1.392292,0.213495,-0.006280,-3.055732,-3.063169,-0.006168,1.000000,4.800000,0.950000,1.392292,1.392292,1.426611,-0.001270,0.000000,-0.005642,0.000000,-0.006280,254,316
10.111467,-0.318067,2.080874,1.114863,0.213500,-0.005960,-3.055732,-3.061659,-0.005454,1.000000,4.800000,0.950000,1.114863,1.114863,1.146038,-0.000473,0.000000,-0.005052,0.000000,-0.005960,257,320
10.167100,-0.328878,2.080242,0.817484,0.213504,-0.005344,-3.055732,-3.060051,-0.004448,1.000000,4.800000,0.950000,0.817484,0.817484,0.850340,0.000129,0.000000,-0.004205,0.000000,-0.005344,261,324
10.222593,-0.339601,2.079412,0.724652,0.213507,-0.004529,-3.055732,-3.059596,-0.003648,1.000000,4.800000,0.950000,0.724652,0.724652,0.737221,-0.000216,0.000000,-0.003333,0.000000,-0.004529,264,327
10.278077,-0.349541,2.078385,0.895453,0.213509,-0.003640,-3.055732,-3.060532,-0.001473,1.000000,4.800000,0.950000,0.895453,0.895453,0.879630,-0.003328,0.000000,-0.001061,0.000000,-0.003640,268,330
10.333708,-0.364190,2.076549,1.468881,0.213510,-0.001897,-3.055732,-3.063596,-0.003613,1.000000,4.800000,0.950000,1.468881,1.468881,1.409956,-0.004251,0.000000,-0.002729,0.000000,-0.001897,273,335
10.389316,-0.379999,2.074822,1.833189,0.213511,-0.002045,-3.055732,-3.065437,-0.005740,1.000000,4.800000,0.950000,1.833189,1.833189,1.790866,-0.003965,0.000000,-0.004830,0.000000,-0.002045,278,341
10.444891,-0.394214,2.073857,1.575436,0.213512,-0.003762,-3.055732,-3.064173,-0.006073,1.000000,4.800000,0.950000,1.575436,1.575436,1.596979,-0.002368,0.000000,-0.005416,0.000000,-0.003762,283,345
10.500393,-0.403930,2.073818,0.781122,0.213513,-0.005113,-3.055732,-3.059866,-0.003205,1.000000,4.800000,0.950000,0.781122,0.781122,0.862708,-0.000929,0.000000,-0.003259,0.000000,-0.005113,286,349
10.555993,-0.414398,2.073596,0.105110,0.213513,-0.004269,-3.055732,-3.056292,-0.000196,1.000000,4.800000,0.950000,0.105110,0.105110,0.180870,-0.000365,0.000000,-0.000522,0.000000,-0.004269,289,352
10.611514,-0.424771,2.073626,-0.814167,0.213514,-0.001829,-3.055732,-3.051428,0.005634,1.000000,4.800000,0.950000,-0.814167,-0.814167,-0.714663,-0.001330,0.000000,0.004694,0.000000,-0.001829,293,356
10.667089,-0.435669,2.072678,-0.804239,0.213514,0.002616,-3.055732,-3.051437,0.008219,1.000000,4.800000,0.950000,-0.804239,-0.804239,-0.795281,-0.003923,0.000000,0.007545,0.000000,0.002616,297,359
10.722607,-0.447144,2.070986,-0.102494,0.213514,0.006507,-3.055732,-3.055186,0.006591,1.000000,4.800000,0.950000,-0.102494,-0.102494,-0.171772,-0.006045,0.000000,0.006567,0.000000,0.006507,300,363
10.778129,-0.459028,2.068932,0.924246,0.213514,0.007341,-3.055732,-3.060657,0.000382,1.000000,4.800000,0.950000,0.924246,0.924246,0.814644,-0.005308,0.000000,0.001132,0.000000,0.007341,304,367
10.833752,-0.469766,2.067990,0.941816,0.213515,0.003754,-3.055732,-3.060719,-0.002819,1.000000,4.800000,0.950000,0.941816,0.941816,0.929099,-0.002167,0.000000,-0.002401,0.000000,0.003754,308,371
10.889310,-0.484153,2.066750,0.943921,0.213515,-0.000707,-3.055732,-3.060795,-0.001781,1.000000,4.800000,0.950000,0.943921,0.943921,0.942439,-0.003282,0.000000,-0.001406,0.000000,-0.000707,313,375
10.944860,-0.499405,2.065372,1.008938,0.213515,-0.002044,-3.055732,-3.061067,-0.000315,1.000000,4.800000,0.950000,1.008938,1.008938,1.002288,-0.005020,0.000000,-0.000042,0.000000,-0.002044,318,381
11.000437,-0.513905,2.064047,1.085603,0.213515,-0.001107,-3.055732,-3.061551,-0.000425,1.000000,4.800000,0.950000,1.085603,1.085603,1.077272,-0.005394,0.000000,-0.000046,0.000000,-0.001107,323,385
11.055852,-0.524604,2.063387,0.825334,0.213515,-0.000275,-3.055732,-3.060126,0.000367,1.000000,4.800000,0.950000,0.825334,0.825334,0.850528,-0.004761,0.000000,0.000441,0.000000,-0.000275,326,389
11.111426,-0.536005,2.062825,0.407880,0.213515,0.000328,-3.055732,-3.057897,0.001510,1.000000,4.800000,0.950000,0.407880,0.407880,0.452144,-0.003675,0.000000,0.001321,0.000000,0.000328,330,393
11.166942,-0.546472,2.062117,0.215560,0.213515,0.001052,-3.055732,-3.056885,0.002351,1.000000,4.800000,0.950000,0.215560,0.215560,0.239219,-0.003504,0.000000,0.002181,0.000000,0.001052,334,396
11.222574,-0.556698,2.061112,0.340188,0.213515,0.001884,-3.055732,-3.057535,0.001721,1.000000,4.800000,0.950000,0.340188,0.340188,0.330091,-0.003524,0.000000,0.001764,0.000000,0.001884,337,400
11.278224,-0.567120,2.060111,0.443946,0.213515,0.001981,-3.055732,-3.058104,0.001544,1.000000,4.800000,0.950000,0.443946,0.443946,0.432561,-0.003916,0.000000,0.001644,0.000000,0.001981,341,403
11.333737,-0.577057,2.059333,0.366525,0.213515,0.001797,-3.055732,-3.057669,0.002504,1.000000,4.800000,0.950000,0.366525,0.366525,0.373128,-0.004441,0.000000,0.002428,0.000000,0.001797,344,407
11.389269,-0.591201,2.058476,0.007527,0.213515,0.002140,-3.055732,-3.055772,0.003565,1.000000,4.800000,0.950000,0.007527,0.007527,0.044087,-0.003606,0.000000,0.003214,0.000000,0.002140,349,411
11.444790,-0.606519,2.057832,-0.664133,0.213515,0.002859,-3.055732,-3.052175,0.005114,1.000000,4.800000,0.950000,-0.664133,-0.664133,-0.593311,-0.001558,0.000000,0.004328,0.000000,0.002859,354,416
11.500357,-0.620073,2.057486,-1.482091,0.213515,0.003895,-3.055732,-3.047857,0.007144,1.000000,4.800000,0.950000,-1.482091,-1.482091,-1.393213,0.000731,0.000000,0.005993,0.000000,0.003895,358,421
11.555946,-0.629246,2.057587,-2.369219,0.213515,0.005378,-3.055732,-3.043135,0.010415,1.000000,4.800000,0.950000,-2.369219,-2.369219,-2.271618,0.002182,0.000000,0.008831,0.000000,0.005378,361,424
11.611472,-0.639501,2.057558,-3.219945,0.213515,0.007770,-3.055732,-3.038501,0.014903,1.000000,4.800000,0.950000,-3.219945,-3.219945,-3.125112,0.002328,0.000000,0.012789,0.000000,0.007770,365,427
11.667081,-0.650709,2.057743,-4.365507,0.213515,0.011299,-3.055732,-3.032479,0.021857,1.000000,4.800000,0.879561,-4.365507,-4.365507,-4.241467,0.001396,0.000000,0.019131,0.000000,0.011299,368,431
11.722579,-0.662490,2.057089,-4.723540,0.213515,0.016758,-3.055732,-3.030600,0.025935,1.000000,4.800000,0.838343,-4.723540,-4.723540,-4.675333,-0.000803,0.000000,0.023115,0.000000,0.016758,372,435
11.778080,-0.674561,2.055799,-4.473778,0.213515,0.021716,-3.055732,-3.031911,0.026404,1.000000,4.800000,0.855576,-4.473778,-4.473778,-4.493934,-0.002584,0.000000,0.023782,0.000000,0.021716,376,439
11.833752,-0.684807,2.054529,-4.086851,0.213515,0.023987,-3.055732,-3.033817,0.024178,1.000000,4.800000,0.890382,-4.086851,-4.086851,-4.127560,-0.002263,0.000000,0.021827,0.000000,0.023987,380,442
11.889290,-0.699426,2.053696,-4.511280,0.213515,0.023142,-3.055732,-3.031589,0.024909,1.000000,4.800000,0.857574,-4.511280,-4.511280,-4.472908,-0.000766,0.000000,0.022127,0.000000,0.023142,385,447
11.944849,-0.715714,2.052759,-4.974001,0.213515,0.022354,-3.055732,-3.029353,0.024602,1.000000,4.800000,0.814730,-4.974001,-4.974001,-4.923892,0.001777,0.000000,0.022187,0.000000,0.022354,390,453
12.000417,-0.731238,2.051874,-5.424021,0.213515,0.022092,-3.055732,-3.026884,0.023930,1.000000,4.800000,0.771969,-5.424021,-5.424021,-5.374008,0.004918,0.000000,0.021999,0.000000,0.022092,395,458
12.055953,-0.741747,2.051234,-5.686782,0.213515,0.021982,-3.055732,-3.025240,0.024314,1.000000,4.800000,0.745227,-5.686782,-5.686782,-5.655504,0.006178,0.000000,0.022543,0.000000,0.021982,399,461
12.111653,-0.752667,2.050229,-5.622027,0.213515,0.022299,-3.055732,-3.025753,0.024159,1.000000,4.800000,0.748089,-5.622027,-5.622027,-5.625375,0.005820,0.000000,0.022648,0.000000,0.022299,403,465
12.166926,-0.763414,2.048885,-5.204817,0.213515,0.022574,-3.055732,-3.028150,0.022435,1.000000,4.800000,0.784047,-5.204817,-5.204817,-5.246872,0.005147,0.000000,0.021150,0.000000,0.022574,406,469
12.222461,-0.774019,2.047824,-5.056847,0.213515,0.021774,-3.055732,-3.028697,0.022131,1.000000,4.800000,0.800294,-5.056847,-5.056847,-5.075849,0.004904,0.000000,0.020439,0.000000,0.021774,410,472
12.278122,-0.780349,2.046954,-4.733756,0.213515,0.020801,-3.055732,-3.030371,0.019821,1.000000,4.800000,0.829543,-4.733756,-4.733756,-4.767965,0.005540,0.000000,0.018291,0.000000,0.020801,412,474
12.333600,-0.785589,2.046017,-4.248900,0.213515,0.019083,-3.055732,-3.033053,0.014882,1.000000,4.800000,0.873923,-4.248900,-4.248900,-4.300806,0.007797,0.000000,0.013830,0.000000,0.019083,414,476
12.389265,-0.798293,2.045196,-4.520315,0.213515,0.015550,-3.055732,-3.031511,0.016262,1.000000,4.800000,0.855155,-4.520315,-4.520315,-4.498364,0.007959,0.000000,0.014786,0.000000,0.015550,418,480
12.444854,-0.819482,2.042930,-4.080520,0.213515,0.014365,-3.055732,-3.034178,0.013091,1.000000,4.800000,0.890881,-4.080520,-4.080520,-4.122304,0.008463,0.000000,0.012247,0.000000,0.014365,425,488
12.500280,-0.837531,2.040289,-2.996403,0.213515,0.012844,-3.055732,-3.039886,0.005988,1.000000,4.800000,0.950000,-2.996403,-2.996403,-3.108993,0.009858,0.000000,0.005558,0.000000,0.012844,431,494
12.555949,-0.848739,2.038166,-1.842177,0.213515,0.008124,-3.055732,-3.045867,-0.001224,1.000000,4.800000,0.950000,-1.842177,-1.842177,-1.968859,0.011089,0.000000,-0.001084,0.000000,0.008124,435,497
12.611529,-0.858196,2.037359,-1.849233,0.213515,0.001576,-3.055732,-3.045960,-0.001663,1.000000,4.800000,0.950000,-1.849233,-1.849233,-1.861195,0.011434,0.000000,-0.001929,0.000000,0.001576,438,501
12.667017,-0.868887,2.035932,-1.344109,0.213515,-0.001882,-3.055732,-3.048562,-0.003376,1.000000,4.800000,0.950000,-1.344109,-1.344109,-1.395818,0.010546,0.000000,-0.003319,0.000000,-0.001882,442,504
12.722445,-0.879597,2.034239,-0.575899,0.213515,-0.003457,-3.055732,-3.052679,-0.007403,1.000000,4.800000,0.950000,-0.575899,-0.575899,-0.657891,0.010456,0.000000,-0.006775,0.000000,-0.003457,445,508
12.778372,-0.889891,2.032901,-0.125575,0.213515,-0.005799,-3.055732,-3.055061,-0.010328,1.000000,4.800000,0.950000,-0.125575,-0.125575,-0.178807,0.010999,0.000000,-0.009591,0.000000,-0.005799,449,511
12.833703,-0.899158,2.031991,-0.013748,0.213515,-0.008571,-3.055732,-3.055658,-0.012859,1.000000,4.800000,0.950000,-0.013748,-0.013748,-0.030254,0.012933,0.000000,-0.012141,0.000000,-0.008571,452,514
12.889232,-0.913002,2.030697,0.088031,0.213515,-0.011293,-3.055732,-3.056200,-0.013578,1.000000,4.800000,0.950000,0.088031,0.088031,0.076202,0.013110,0.000000,-0.012821,0.000000,-0.011293,456,519
12.944826,-0.929000,2.028985,0.422067,0.213515,-0.012776,-3.055732,-3.057989,-0.015605,1.000000,4.800000,0.950000,0.422067,0.422067,0.387481,0.013347,0.000000,-0.014540,0.000000,-0.012776,462,524
13.000336,-0.943645,2.027594,0.552121,0.213515,-0.014146,-3.055732,-3.058680,-0.016560,1.000000,4.800000,0.950000,0.552121,0.552121,0.535657,0.013612,0.000000,-0.015502,0.000000,-0.014146,467,529
13.055933,-0.953637,2.026502,0.783208,0.213515,-0.015248,-3.055732,-3.059871,-0.016947,1.000000,4.800000,0.950000,0.783208,0.783208,0.758453,0.012807,0.000000,-0.015808,0.000000,-0.015248,470,533
13.111574,-0.964018,2.024964,1.425190,0.213515,-0.015813,-3.055732,-3.063323,-0.017669,1.000000,4.800000,0.950000,1.425190,1.425190,1.358516,0.010078,0.000000,-0.016095,0.000000,-0.015813,473,536
13.167057,-0.974122,2.023265,2.251506,0.213515,-0.016099,-3.055732,-3.067802,-0.020200,1.000000,4.800000,0.950000,2.251506,2.251506,2.162207,0.008130,0.000000,-0.018102,0.000000,-0.016099,477,539
13.222645,-0.984355,2.021849,2.784054,0.213515,-0.017369,-3.055732,-3.070523,-0.023006,1.000000,4.800000,0.950000,2.784054,2.784054,2.721870,0.008215,0.000000,-0.020869,0.000000,-0.017369,480,543
13.278080,-0.994002,2.021062,2.741545,0.213515,-0.019742,-3.055732,-3.070350,-0.022422,1.000000,4.800000,0.950000,2.741545,2.741545,2.739578,0.007804,0.000000,-0.020564,0.000000,-0.019742,483,546
13.333715,-1.008551,2.019788,2.763233,0.213515,-0.020728,-3.055732,-3.070435,-0.020420,1.000000,4.800000,0.950000,2.763233,2.763233,2.760868,0.005717,0.000000,-0.018684,0.000000,-0.020728,488,551
13.389144,-1.024778,2.017986,3.167132,0.213515,-0.019693,-3.055732,-3.072703,-0.020689,1.000000,4.800000,0.950000,3.167132,3.167132,3.126505,0.003718,0.000000,-0.018539,0.000000,-0.019693,494,556
13.444828,-1.039266,2.016203,3.701000,0.213515,-0.018782,-3.055732,-3.075519,-0.022212,1.000000,4.800000,0.936363,3.701000,3.701000,3.643550,0.002425,0.000000,-0.019760,0.000000,-0.018782,499,561
13.500248,-1.048859,2.015297,3.780693,0.213515,-0.019188,-3.055732,-3.076014,-0.021395,1.000000,4.800000,0.924637,3.780693,3.780693,3.766979,0.001113,0.000000,-0.019111,0.000000,-0.019188,502,564
13.555936,-1.059483,2.014242,3.920870,0.193066,-0.019225,-3.055732,-3.076617,-0.021300,1.000000,4.800000,0.911479,3.920870,3.920870,3.905481,0.000415,0.000000,-0.019124,0.000000,-0.019225,505,568
13.611434,-1.070592,2.013184,4.022504,0.187125,-0.019172,-3.055732,-3.077063,-0.021754,1.000000,4.800000,0.901474,4.022504,4.022504,4.010802,0.000423,0.000000,-0.019633,0.000000,-0.019172,509,572
13.667023,-1.081490,2.012399,3.869529,0.180027,-0.019440,-3.055732,-3.076463,-0.020565,1.000000,4.800000,0.913553,3.869529,3.869529,3.883656,-0.000167,0.000000,-0.018489,0.000000,-0.019440,513,575
13.722523,-1.092123,2.011717,3.637818,0.171828,-0.018920,-3.055732,-3.075083,-0.017490,1.000000,4.800000,0.934572,3.637818,3.637818,3.662402,-0.001860,0.000000,-0.015841,0.000000,-0.018920,516,579
13.778155,-1.102886,2.010577,3.850055,0.162260,-0.016950,-3.055732,-3.076411,-0.017673,1.000000,4.800000,0.918528,3.850055,3.850055,3.831289,-0.003007,0.000000,-0.015628,0.000000,-0.016950,520,582
13.833729,-1.112738,2.009312,4.266058,0.152534,-0.015746,-3.055732,-3.078759,-0.023556,1.000000,4.800000,0.881355,4.266058,4.266058,4.222582,0.000529,0.000000,-0.020734,0.000000,-0.015746,523,585
13.889293,-1.124794,2.008632,3.909477,0.139811,-0.018519,-3.055732,-3.076819,-0.021930,1.000000,4.800000,0.908125,3.909477,3.909477,3.940788,0.000843,0.000000,-0.019681,0.000000,-0.018519,527,589
13.944945,-1.136647,2.008495,3.029904,0.126940,-0.019792,-3.055732,-3.072060,-0.015618,1.000000,4.800000,0.950000,3.029904,3.029904,3.120992,-0.000710,0.000000,-0.014306,0.000000,-0.019792,531,593
14.000227,-1.147037,2.008327,2.305646,0.115829,-0.016743,-3.055732,-3.068249,-0.009375,1.000000,4.800000,0.950000,2.305646,2.305646,2.387181,-0.003143,0.000000,-0.008473,0.000000,-0.016743,535,596
14.055928,-1.154396,2.007929,2.071075,0.108271,-0.011119,-3.055732,-3.066877,-0.005663,1.000000,4.800000,0.950000,2.071075,2.071075,2.102686,-0.005483,0.000000,-0.004884,0.000000,-0.011119,537,599
14.111423,-1.162802,2.007460,1.817601,0.100148,-0.006196,-3.055732,-3.065642,-0.002394,1.000000,4.800000,0.950000,1.817601,1.817601,1.846110,-0.007516,0.000000,-0.001721,0.000000,-0.006196,540,601
14.166962,-1.170536,2.006878,1.734644,0.093257,-0.002482,-3.055732,-3.065126,0.000118,1.000000,4.800000,0.950000,1.734644,1.734644,1.745791,-0.009512,0.000000,0.000657,0.000000,-0.002482,543,604
14.222666,-1.176312,2.006536,1.579819,0.088530,0.000185,-3.055732,-3.064278,0.002248,1.000000,4.800000,0.950000,1.579819,1.579819,1.596416,-0.010794,0.000000,0.002592,0.000000,0.000185,544,606
14.278149,-1.180596,2.006279,1.468086,0.085262,0.002186,-3.055732,-3.063729,0.003417,1.000000,4.800000,0.950000,1.468086,1.468086,1.480919,-0.011414,0.000000,0.003735,0.000000,0.002186,546,607
14.333797,-1.187587,2.005679,1.466533,0.080362,0.003535,-3.055732,-3.063765,0.002421,1.000000,4.800000,0.950000,1.466533,1.466533,1.467971,-0.010454,0.000000,0.002885,0.000000,0.003535,548,609
14.389133,-1.196016,2.004786,1.633812,0.075168,0.003417,-3.055732,-3.064656,0.000071,1.000000,4.800000,0.950000,1.633812,1.633812,1.617228,-0.008995,0.000000,0.000783,0.000000,0.003417,551,612
14.444733,-1.202946,2.004296,1.527581,0.071471,0.001804,-3.055732,-3.063983,0.000003,1.000000,4.800000,0.950000,1.527581,1.527581,1.536546,-0.008254,0.000000,0.000466,0.000000,0.001804,553,615
14.500338,-1.206416,2.004182,1.343296,0.069803,0.000663,-3.055732,-3.063006,0.001655,1.000000,4.800000,0.950000,1.343296,1.343296,1.362621,-0.008929,0.000000,0.001942,0.000000,0.000663,555,616
14.555966,-1.209819,2.004048,1.185284,0.050000,0.001204,-3.055732,-3.062164,0.003027,1.000000,4.800000,0.950000,1.185284,1.185284,1.203018,-0.009460,0.000000,0.003212,0.000000,0.001204,556,617
14.611468,-1.213807,2.003662,1.227948,0.050000,0.002530,-3.055732,-3.062432,0.002111,1.000000,4.800000,0.950000,1.227948,1.227948,1.225455,-0.008811,0.000000,0.002488,0.000000,0.002530,557,618
14.667053,-1.218409,2.003364,1.130517,0.050000,0.002777,-3.055732,-3.061955,0.000612,1.000000,4.800000,0.950000,1.130517,1.130517,1.140011,-0.006836,0.000000,0.001022,0.000000,0.002777,559,619
14.722467,-1.222577,2.003354,0.783001,0.050000,0.001768,-3.055732,-3.059999,0.000807,1.000000,4.800000,0.950000,0.783001,0.783001,0.818702,-0.005074,0.000000,0.000890,0.000000,0.001768,560,621
14.778179,-1.225643,2.003459,0.414607,0.050000,0.001029,-3.055732,-3.057992,0.002373,1.000000,4.800000,0.950000,0.414607,0.414607,0.455016,-0.004633,0.000000,0.002217,0.000000,0.001029,561,622
14.833756,-1.227781,2.003403,0.287232,0.050000,0.001599,-3.055732,-3.057290,0.003536,1.000000,4.800000,0.950000,0.287232,0.287232,0.304010,-0.005094,0.000000,0.003380,0.000000,0.001599,562,623
14.889272,-1.229622,2.003344,0.188024,0.050000,0.002793,-3.055732,-3.056762,0.005091,1.000000,4.800000,0.950000,0.188024,0.188024,0.199622,-0.006122,0.000000,0.004858,0.000000,0.002793,562,623
14.944772,-1.233163,2.003100,0.127628,0.050000,0.004284,-3.055732,-3.056433,0.006014,1.000000,4.800000,0.950000,0.127628,0.127628,0.134828,-0.006715,0.000000,0.005732,0.000000,0.004284,563,624
15.000373,-1.237544,2.002636,0.214111,0.050000,0.005467,-3.055732,-3.056899,0.005868,1.000000,4.800000,0.950000,0.214111,0.214111,0.206182,-0.007035,0.000000,0.005693,0.000000,0.005467,565,626
15.055853,-1.240939,2.002299,0.259538,0.050000,0.005845,-3.055732,-3.057149,0.005808,1.000000,4.800000,0.950000,0.259538,0.259538,0.254202,-0.007226,0.000000,0.005644,0.000000,0.005845,566,627
15.111419,-1.242295,2.002233,0.208543,0.050000,0.005802,-3.055732,-3.056879,0.006514,1.000000,4.800000,0.950000,0.208543,0.208543,0.213109,-0.007661,0.000000,0.006255,0.000000,0.005802,566,627
15.166881,-1.244108,2.002452,-0.165210,0.050000,0.006066,-3.055732,-3.054829,0.008537,1.000000,4.800000,0.950000,-0.165210,-0.165210,-0.127378,-0.007634,0.000000,0.007864,0.000000,0.006066,567,628
15.222580,-1.246291,2.001091,1.003342,0.050000,0.007209,-3.055732,-3.061194,0.001217,1.000000,4.800000,0.950000,1.003342,1.003342,0.890270,-0.006680,0.000000,0.002073,0.000000,0.007209,568,629
15.278157,-1.249562,2.000551,1.261405,0.050000,0.004326,-3.055732,-3.062611,-0.001165,1.000000,4.800000,0.950000,1.261405,1.261405,1.224292,-0.005714,0.000000,-0.000449,0.000000,0.004326,569,630
15.333710,-1.252381,2.000894,0.677936,0.050000,0.000846,-3.055732,-3.059425,0.002269,1.000000,4.800000,0.950000,0.677936,0.677936,0.732571,-0.005962,0.000000,0.002148,0.000000,0.000846,570,631
15.389171,-1.255967,2.001606,-0.338988,0.050000,0.000920,-3.055732,-3.053880,0.007814,1.000000,4.800000,0.950000,-0.338988,-0.338988,-0.231832,-0.005962,0.000000,0.006777,0.000000,0.000920,571,632
15.444874,-1.257670,2.000661,0.456683,0.050000,0.004482,-3.055732,-3.058210,0.003691,1.000000,4.800000,0.950000,0.456683,0.456683,0.387832,-0.006169,0.000000,0.003999,0.000000,0.004482,572,633
15.500355,-1.261146,2.000346,0.472524,0.050000,0.004915,-3.055732,-3.058303,0.003263,1.000000,4.800000,0.950000,0.472524,0.472524,0.464055,-0.005833,0.000000,0.003314,0.000000,0.004915,573,634
15.555858,-1.264786,2.000730,-0.222617,0.050000,0.004038,-3.055732,-3.054517,0.006603,1.000000,4.800000,0.950000,-0.222617,-0.222617,-0.153950,-0.005388,0.000000,0.005858,0.000000,0.004038,574,635
15.611344,-1.268760,2.000436,-0.270697,0.050000,0.004956,-3.055732,-3.054246,0.006869,1.000000,4.800000,0.950000,-0.270697,-0.270697,-0.259023,-0.005384,0.000000,0.006358,0.000000,0.004956,575,636
15.666964,-1.270390,2.000208,-0.183632,0.050000,0.005993,-3.055732,-3.054732,0.006361,1.000000,4.800000,0.950000,-0.183632,-0.183632,-0.191171,-0.005361,0.000000,0.006010,0.000000,0.005993,576,637
15.722502,-1.272307,2.000233,-0.372296,0.050000,0.006215,-3.055732,-3.053683,0.006845,1.000000,4.800000,0.950000,-0.372296,-0.372296,-0.354183,-0.004795,0.000000,0.006256,0.000000,0.006215,577,637
15.778151,-1.274658,2.000357,-0.697916,0.050000,0.006285,-3.055732,-3.051904,0.007829,1.000000,4.800000,0.950000,-0.697916,-0.697916,-0.663543,-0.004001,0.000000,0.006986,0.000000,0.006285,577,638
15.833571,-1.277076,1.999865,-0.414652,0.050000,0.006723,-3.055732,-3.053465,0.005713,1.000000,4.800000,0.950000,-0.414652,-0.414652,-0.439541,-0.003446,0.000000,0.005384,0.000000,0.006723,578,639
15.889219,-1.280661,1.999567,-0.425863,0.050000,0.006004,-3.055732,-3.053396,0.005006,1.000000,4.800000,0.950000,-0.425863,-0.425863,-0.427231,-0.002670,0.000000,0.004587,0.000000,0.006004,579,640
15.944814,-1.284646,1.999490,-0.690002,0.050000,0.004998,-3.055732,-3.051988,0.005751,1.000000,4.800000,0.950000,-0.690002,-0.690002,-0.663725,-0.002007,0.000000,0.005093,0.000000,0.004998,581,642
16.000410,-1.288431,1.999418,-0.943331,0.050000,0.004849,-3.055732,-3.050592,0.006957,1.000000,4.800000,0.950000,-0.943331,-0.943331,-0.915371,-0.001817,0.000000,0.006120,0.000000,0.004849,582,643
16.055898,-1.291136,1.999276,-1.033705,0.050000,0.005587,-3.055732,-3.050109,0.007434,1.000000,4.800000,0.950000,-1.033705,-1.033705,-1.021871,-0.001811,0.000000,0.006625,0.000000,0.005587,583,644
16.111503,-1.293807,1.999158,-1.145367,0.050000,0.006367,-3.055732,-3.049513,0.008107,1.000000,4.800000,0.950000,-1.145367,-1.145367,-1.133017,-0.001888,0.000000,0.007232,0.000000,0.006367,584,645
16.166889,-1.295862,1.999103,-1.267076,0.050000,0.007048,-3.055732,-3.048774,0.009266,1.000000,4.800000,0.950000,-1.267076,-1.267076,-1.253670,-0.002308,0.000000,0.008211,0.000000,0.007048,584,645
16.222603,-1.297926,1.998945,-1.286581,0.050000,0.007892,-3.055732,-3.048703,0.009886,1.000000,4.800000,0.950000,-1.286581,-1.286581,-1.283290,-0.002857,0.000000,0.008874,0.000000,0.007892,585,646
